{
    "epoch": [
        0.0,
        1.0,
        2.0,
        3.0,
        4.0,
        5.0,
        6.0,
        7.0,
        8.0,
        9.0,
        10.0,
        11.0,
        12.0,
        13.0,
        14.0,
        15.0,
        16.0,
        17.0,
        18.0,
        19.0,
        20.0,
        21.0,
        22.0,
        23.0,
        24.0,
        25.0,
        26.0,
        27.0,
        28.0,
        29.0,
        30.0,
        31.0,
        32.0,
        33.0,
        34.0,
        35.0,
        36.0,
        37.0,
        38.0,
        39.0,
        40.0,
        41.0,
        42.0,
        43.0,
        44.0,
        45.0,
        46.0,
        47.0,
        48.0,
        49.0,
        50.0,
        51.0,
        52.0,
        53.0,
        54.0,
        55.0,
        56.0,
        57.0,
        58.0,
        59.0,
        60.0,
        61.0,
        62.0,
        63.0,
        64.0,
        65.0,
        66.0,
        67.0,
        68.0,
        69.0,
        70.0,
        71.0,
        72.0,
        73.0,
        74.0,
        75.0,
        76.0,
        77.0,
        78.0,
        79.0,
        80.0,
        81.0,
        82.0,
        83.0,
        84.0,
        85.0,
        86.0,
        87.0,
        88.0,
        89.0,
        90.0,
        91.0,
        92.0,
        93.0,
        94.0,
        95.0,
        96.0,
        97.0,
        98.0,
        99.0
    ],
    "learning_rate": [
        0.001,
        0.001,
        0.001,
        0.001,
        0.001,
        0.0005,
        0.0005,
        0.0005,
        0.0005,
        0.0005,
        0.00025,
        0.00025,
        0.00025,
        0.00025,
        0.00025,
        0.000125,
        0.000125,
        0.000125,
        0.000125,
        0.000125,
        6.25e-05,
        6.25e-05,
        6.25e-05,
        6.25e-05,
        6.25e-05,
        3.125e-05,
        3.125e-05,
        3.125e-05,
        3.125e-05,
        3.125e-05,
        1.5625e-05,
        1.5625e-05,
        1.5625e-05,
        1.5625e-05,
        1.5625e-05,
        7.8125e-06,
        7.8125e-06,
        7.8125e-06,
        7.8125e-06,
        7.8125e-06,
        3.90625e-06,
        3.90625e-06,
        3.90625e-06,
        3.90625e-06,
        3.90625e-06,
        1.953125e-06,
        1.953125e-06,
        1.953125e-06,
        1.953125e-06,
        1.953125e-06,
        9.765625e-07,
        9.765625e-07,
        9.765625e-07,
        9.765625e-07,
        9.765625e-07,
        4.8828125e-07,
        4.8828125e-07,
        4.8828125e-07,
        4.8828125e-07,
        4.8828125e-07,
        2.44140625e-07,
        2.44140625e-07,
        2.44140625e-07,
        2.44140625e-07,
        2.44140625e-07,
        1.220703125e-07,
        1.220703125e-07,
        1.220703125e-07,
        1.220703125e-07,
        1.220703125e-07,
        6.103515625e-08,
        6.103515625e-08,
        6.103515625e-08,
        6.103515625e-08,
        6.103515625e-08,
        3.0517578125e-08,
        3.0517578125e-08,
        3.0517578125e-08,
        3.0517578125e-08,
        3.0517578125e-08,
        1.52587890625e-08,
        1.52587890625e-08,
        1.52587890625e-08,
        1.52587890625e-08,
        1.52587890625e-08,
        7.62939453125e-09,
        7.62939453125e-09,
        7.62939453125e-09,
        7.62939453125e-09,
        7.62939453125e-09,
        3.814697265625e-09,
        3.814697265625e-09,
        3.814697265625e-09,
        3.814697265625e-09,
        3.814697265625e-09,
        1.9073486328125e-09,
        1.9073486328125e-09,
        1.9073486328125e-09,
        1.9073486328125e-09,
        1.9073486328125e-09
    ],
    "time": [
        3.5973567962646484,
        1.6572661399841309,
        1.5306951999664307,
        1.5560760498046875,
        1.5218091011047363,
        1.5316078662872314,
        1.4855844974517822,
        1.5206189155578613,
        1.5021653175354004,
        1.4827015399932861,
        1.5209019184112549,
        1.5937869548797607,
        1.5217030048370361,
        1.5242986679077148,
        1.5464980602264404,
        1.5141501426696777,
        1.4922068119049072,
        1.5139451026916504,
        1.6266508102416992,
        1.535221815109253,
        1.5395033359527588,
        1.5731074810028076,
        1.5807287693023682,
        1.5138659477233887,
        1.5226666927337646,
        1.455094814300537,
        1.4981367588043213,
        1.4866857528686523,
        1.5321307182312012,
        1.4871547222137451,
        1.4936888217926025,
        1.5023078918457031,
        1.5201914310455322,
        1.710632085800171,
        1.5430200099945068,
        1.7750494480133057,
        1.4894251823425293,
        1.5009512901306152,
        1.4869682788848877,
        1.584900140762329,
        1.6748807430267334,
        1.541675090789795,
        1.5514531135559082,
        1.4902312755584717,
        1.498133897781372,
        1.528141736984253,
        1.5659668445587158,
        1.612955093383789,
        1.529099941253662,
        1.6418542861938477,
        1.6397016048431396,
        1.5532798767089844,
        1.7194104194641113,
        1.565213680267334,
        1.5644745826721191,
        1.5912156105041504,
        1.5679211616516113,
        1.650139570236206,
        1.5408718585968018,
        1.5410757064819336,
        1.5149750709533691,
        1.5341708660125732,
        1.5813188552856445,
        1.502964735031128,
        1.532898187637329,
        1.6046133041381836,
        1.5926597118377686,
        1.5589780807495117,
        1.511382818222046,
        1.5379371643066406,
        1.6800479888916016,
        1.5854763984680176,
        1.4783759117126465,
        1.5337882041931152,
        1.4825117588043213,
        1.5109469890594482,
        1.5311710834503174,
        1.5730984210968018,
        1.5910584926605225,
        1.5040595531463623,
        1.5985639095306396,
        1.5600104331970215,
        1.5799176692962646,
        1.6865105628967285,
        1.4859271049499512,
        1.5036094188690186,
        1.5050511360168457,
        1.5510478019714355,
        1.5232315063476562,
        1.504183292388916,
        1.4986274242401123,
        1.572596788406372,
        1.5529136657714844,
        1.5834739208221436,
        1.5743393898010254,
        1.5897791385650635,
        1.5036280155181885,
        1.5670619010925293,
        1.553142786026001,
        1.709118366241455
    ],