{
    "epoch": [
        0.0,
        1.0,
        2.0,
        3.0,
        4.0,
        5.0,
        6.0,
        7.0,
        8.0,
        9.0,
        10.0,
        11.0,
        12.0,
        13.0,
        14.0,
        15.0,
        16.0,
        17.0,
        18.0,
        19.0,
        20.0,
        21.0,
        22.0,
        23.0,
        24.0,
        25.0,
        26.0,
        27.0,
        28.0,
        29.0,
        30.0,
        31.0,
        32.0,
        33.0,
        34.0,
        35.0,
        36.0,
        37.0,
        38.0,
        39.0,
        40.0,
        41.0,
        42.0,
        43.0,
        44.0,
        45.0,
        46.0,
        47.0,
        48.0,
        49.0,
        50.0,
        51.0,
        52.0,
        53.0,
        54.0,
        55.0,
        56.0,
        57.0,
        58.0,
        59.0,
        60.0,
        61.0,
        62.0,
        63.0,
        64.0,
        65.0,
        66.0,
        67.0,
        68.0,
        69.0,
        70.0,
        71.0,
        72.0,
        73.0,
        74.0,
        75.0,
        76.0,
        77.0,
        78.0,
        79.0,
        80.0,
        81.0,
        82.0,
        83.0,
        84.0,
        85.0,
        86.0,
        87.0,
        88.0,
        89.0,
        90.0,
        91.0,
        92.0,
        93.0,
        94.0,
        95.0,
        96.0,
        97.0,
        98.0,
        99.0
    ],
    "learning_rate": [
        0.001,
        0.001,
        0.001,
        0.001,
        0.001,
        0.0005,
        0.0005,
        0.0005,
        0.0005,
        0.0005,
        0.00025,
        0.00025,
        0.00025,
        0.00025,
        0.00025,
        0.000125,
        0.000125,
        0.000125,
        0.000125,
        0.000125,
        6.25e-05,
        6.25e-05,
        6.25e-05,
        6.25e-05,
        6.25e-05,
        3.125e-05,
        3.125e-05,
        3.125e-05,
        3.125e-05,
        3.125e-05,
        1.5625e-05,
        1.5625e-05,
        1.5625e-05,
        1.5625e-05,
        1.5625e-05,
        7.8125e-06,
        7.8125e-06,
        7.8125e-06,
        7.8125e-06,
        7.8125e-06,
        3.90625e-06,
        3.90625e-06,
        3.90625e-06,
        3.90625e-06,
        3.90625e-06,
        1.953125e-06,
        1.953125e-06,
        1.953125e-06,
        1.953125e-06,
        1.953125e-06,
        9.765625e-07,
        9.765625e-07,
        9.765625e-07,
        9.765625e-07,
        9.765625e-07,
        4.8828125e-07,
        4.8828125e-07,
        4.8828125e-07,
        4.8828125e-07,
        4.8828125e-07,
        2.44140625e-07,
        2.44140625e-07,
        2.44140625e-07,
        2.44140625e-07,
        2.44140625e-07,
        1.220703125e-07,
        1.220703125e-07,
        1.220703125e-07,
        1.220703125e-07,
        1.220703125e-07,
        6.103515625e-08,
        6.103515625e-08,
        6.103515625e-08,
        6.103515625e-08,
        6.103515625e-08,
        3.0517578125e-08,
        3.0517578125e-08,
        3.0517578125e-08,
        3.0517578125e-08,
        3.0517578125e-08,
        1.52587890625e-08,
        1.52587890625e-08,
        1.52587890625e-08,
        1.52587890625e-08,
        1.52587890625e-08,
        7.62939453125e-09,
        7.62939453125e-09,
        7.62939453125e-09,
        7.62939453125e-09,
        7.62939453125e-09,
        3.814697265625e-09,
        3.814697265625e-09,
        3.814697265625e-09,
        3.814697265625e-09,
        3.814697265625e-09,
        1.9073486328125e-09,
        1.9073486328125e-09,
        1.9073486328125e-09,
        1.9073486328125e-09,
        1.9073486328125e-09
    ],
    "time": [
        3.334257125854492,
        1.4601755142211914,
        1.4671852588653564,
        1.5150787830352783,
        1.4691100120544434,
        1.6077215671539307,
        1.7569715976715088,
        1.6992478370666504,
        1.5353045463562012,
        1.4889168739318848,
        1.4972937107086182,
        1.4911279678344727,
        1.4679362773895264,
        1.4366998672485352,
        1.4773173332214355,
        1.5432591438293457,
        1.4788107872009277,
        1.5555479526519775,
        1.4678122997283936,
        1.4523725509643555,
        1.437530279159546,
        1.4496455192565918,
        1.504089117050171,
        1.5501232147216797,
        1.49462890625,
        1.5362825393676758,
        1.5075290203094482,
        1.4983067512512207,
        1.4604771137237549,
        1.5436625480651855,
        1.5154104232788086,
        1.5236265659332275,
        1.5772430896759033,
        1.6372401714324951,
        1.6330792903900146,
        1.505842924118042,
        1.5227930545806885,
        1.6774845123291016,
        1.6068251132965088,
        1.6208138465881348,
        1.680772304534912,
        1.5656981468200684,
        1.7561557292938232,
        1.6277704238891602,
        1.800755262374878,
        1.5839333534240723,
        1.6280624866485596,
        1.4517011642456055,
        1.5120720863342285,
        1.5788452625274658,
        1.5937767028808594,
        1.550306797027588,
        1.5740303993225098,
        1.6300439834594727,
        1.5672831535339355,
        1.4616172313690186,
        1.56148362159729,
        1.6100845336914062,
        1.5898864269256592,
        1.5348753929138184,
        1.5445568561553955,
        1.580315113067627,
        1.4959230422973633,
        1.5303378105163574,
        1.506105899810791,
        1.5587849617004395,
        1.6356351375579834,
        1.6561787128448486,
        1.6107194423675537,
        1.565281629562378,
        1.4950501918792725,
        1.6145684719085693,
        1.5243706703186035,
        1.5117793083190918,
        1.693451166152954,
        1.5172779560089111,
        1.6117031574249268,
        1.6310582160949707,
        1.623412847518921,
        1.602231502532959,
        1.4914872646331787,
        1.5582435131072998,
        1.6209559440612793,
        1.6467318534851074,
        1.5408024787902832,
        1.551903247833252,
        1.5277020931243896,
        1.5828256607055664,
        1.5195367336273193,
        1.5820670127868652,
        1.546670913696289,
        1.5443994998931885,
        1.5533967018127441,
        1.565049171447754,
        1.4587912559509277,
        1.563556432723999,
        1.5033626556396484,
        1.5354313850402832,
        1.5805742740631104,
        1.5739238262176514
    ],