{
    "epoch": [
        0.0,
        1.0,
        2.0,
        3.0,
        4.0,
        5.0,
        6.0,
        7.0,
        8.0,
        9.0,
        10.0,
        11.0,
        12.0,
        13.0,
        14.0,
        15.0,
        16.0,
        17.0,
        18.0,
        19.0,
        20.0,
        21.0,
        22.0,
        23.0,
        24.0,
        25.0,
        26.0,
        27.0,
        28.0,
        29.0,
        30.0,
        31.0,
        32.0,
        33.0,
        34.0,
        35.0,
        36.0,
        37.0,
        38.0,
        39.0,
        40.0,
        41.0,
        42.0,
        43.0,
        44.0,
        45.0,
        46.0,
        47.0,
        48.0,
        49.0,
        50.0,
        51.0,
        52.0,
        53.0,
        54.0,
        55.0,
        56.0,
        57.0,
        58.0,
        59.0,
        60.0,
        61.0,
        62.0,
        63.0,
        64.0,
        65.0,
        66.0,
        67.0,
        68.0,
        69.0,
        70.0,
        71.0,
        72.0,
        73.0,
        74.0,
        75.0,
        76.0,
        77.0,
        78.0,
        79.0,
        80.0,
        81.0,
        82.0,
        83.0,
        84.0,
        85.0,
        86.0,
        87.0,
        88.0,
        89.0,
        90.0,
        91.0,
        92.0,
        93.0,
        94.0,
        95.0,
        96.0,
        97.0,
        98.0,
        99.0
    ],
    "learning_rate": [
        0.001,
        0.001,
        0.001,
        0.001,
        0.001,
        0.0005,
        0.0005,
        0.0005,
        0.0005,
        0.0005,
        0.00025,
        0.00025,
        0.00025,
        0.00025,
        0.00025,
        0.000125,
        0.000125,
        0.000125,
        0.000125,
        0.000125,
        6.25e-05,
        6.25e-05,
        6.25e-05,
        6.25e-05,
        6.25e-05,
        3.125e-05,
        3.125e-05,
        3.125e-05,
        3.125e-05,
        3.125e-05,
        1.5625e-05,
        1.5625e-05,
        1.5625e-05,
        1.5625e-05,
        1.5625e-05,
        7.8125e-06,
        7.8125e-06,
        7.8125e-06,
        7.8125e-06,
        7.8125e-06,
        3.90625e-06,
        3.90625e-06,
        3.90625e-06,
        3.90625e-06,
        3.90625e-06,
        1.953125e-06,
        1.953125e-06,
        1.953125e-06,
        1.953125e-06,
        1.953125e-06,
        9.765625e-07,
        9.765625e-07,
        9.765625e-07,
        9.765625e-07,
        9.765625e-07,
        4.8828125e-07,
        4.8828125e-07,
        4.8828125e-07,
        4.8828125e-07,
        4.8828125e-07,
        2.44140625e-07,
        2.44140625e-07,
        2.44140625e-07,
        2.44140625e-07,
        2.44140625e-07,
        1.220703125e-07,
        1.220703125e-07,
        1.220703125e-07,
        1.220703125e-07,
        1.220703125e-07,
        6.103515625e-08,
        6.103515625e-08,
        6.103515625e-08,
        6.103515625e-08,
        6.103515625e-08,
        3.0517578125e-08,
        3.0517578125e-08,
        3.0517578125e-08,
        3.0517578125e-08,
        3.0517578125e-08,
        1.52587890625e-08,
        1.52587890625e-08,
        1.52587890625e-08,
        1.52587890625e-08,
        1.52587890625e-08,
        7.62939453125e-09,
        7.62939453125e-09,
        7.62939453125e-09,
        7.62939453125e-09,
        7.62939453125e-09,
        3.814697265625e-09,
        3.814697265625e-09,
        3.814697265625e-09,
        3.814697265625e-09,
        3.814697265625e-09,
        1.9073486328125e-09,
        1.9073486328125e-09,
        1.9073486328125e-09,
        1.9073486328125e-09,
        1.9073486328125e-09
    ],
    "time": [
        3.3440608978271484,
        1.5452377796173096,
        1.552018165588379,
        1.4816827774047852,
        1.4693331718444824,
        1.4848947525024414,
        1.4533929824829102,
        1.5147476196289062,
        1.5261802673339844,
        1.5015637874603271,
        1.4785363674163818,
        1.5177502632141113,
        1.4544122219085693,
        1.456176519393921,
        1.525423526763916,
        1.4591479301452637,
        1.5014100074768066,
        1.522212028503418,
        1.4826304912567139,
        1.5055396556854248,
        1.4446003437042236,
        1.4679460525512695,
        1.4883620738983154,
        1.4866094589233398,
        1.4897129535675049,
        1.4879980087280273,
        1.45316481590271,
        1.4602339267730713,
        1.5577607154846191,
        1.548560619354248,
        1.527691125869751,
        1.4838199615478516,
        1.4878427982330322,
        1.4952867031097412,
        1.4845914840698242,
        1.5116140842437744,
        1.486799716949463,
        1.5451147556304932,
        1.49216890335083,
        1.4393115043640137,
        1.516383409500122,
        1.4477152824401855,
        1.425523281097412,
        1.4685513973236084,
        1.4397406578063965,
        1.485628604888916,
        1.4635303020477295,
        1.4688615798950195,
        1.5308289527893066,
        1.4774620532989502,
        1.4176268577575684,
        1.4274086952209473,
        1.469527244567871,
        1.4535746574401855,
        1.5342497825622559,
        1.480565071105957,
        1.4965355396270752,
        1.4657955169677734,
        1.498206377029419,
        1.4717226028442383,
        1.4699454307556152,
        1.4885404109954834,
        1.5661098957061768,
        1.418365240097046,
        1.4819543361663818,
        1.4264042377471924,
        1.4705615043640137,
        1.4718942642211914,
        1.4654929637908936,
        1.455502986907959,
        1.4647266864776611,
        1.4441473484039307,
        1.5179352760314941,
        1.4975719451904297,
        1.4565303325653076,
        1.4640252590179443,
        1.4792542457580566,
        1.4480178356170654,
        1.468597173690796,
        1.4862418174743652,
        1.5061676502227783,
        1.4707553386688232,
        1.4693620204925537,
        1.5235319137573242,
        1.4823589324951172,
        1.509303331375122,
        1.4666461944580078,
        1.4455835819244385,
        1.462980031967163,
        1.5477492809295654,
        1.427602767944336,
        1.4931328296661377,
        1.4810128211975098,
        1.4864859580993652,
        1.5186715126037598,
        1.4796547889709473,
        1.4474735260009766,
        1.43621826171875,
        1.4411687850952148,
        1.4779798984527588
    ],